Código;Descripción;ves
188492;acetato x lamina 30x22cm 0.15mm carta;540
LABCL;acetato x lamina 45x30cm 0,25mm doblecar;770
PSCH;acetato x lamina 60x45cm 0,15mm;1510
CP1;acetato x lamina 90x60cm 0.25mm;2770
26877-1;acuarela paleta artistica;795
DELB;acuarela pequeña 12colores c/ pincel;305
7,59E+12;agenda recordatorio 1001 POINTER;3815
FOAM;aguja coser mano carton agricola;170
AGJSRA;aguja coser mano carton señora;245
TABUG;aguja crochet;305
APR;aguja punta roma;160
7,59E+11;alfiler cabeza de colores;235
7,59E+12;almohadilla huellero redondo RD;890
CPX38;almohadilla PEQUEÑA CRISVI/SHAR sellos;940
736;animalitos de granja 19 pzas empaque;5085
7,59E+12;animalitos de granja pequeño estuche x6;2035
MTOVCA;ANIME arbolito con estrella navideño;370
7,59E+12;ANIME arbolito con estrella navideño 40C;790
4869;ANIME baston navideño;405
35816;anime circulo 15cm;115
CA20CM;anime circulo 20cm;210
CA25CM;anime circulo 25cm;325
CA30CM;anime circulo 30cm;455
JLP;anime circulo 35cm;610
3,15E+12;anime circulo 40cm;1075
AAHZP;anime circulo 45 cm;1245
7,59E+12;anime circulo 50 cm;1515
PGRTON;anime cono 20cm;325
CHASA;anime cono 30cm;655
7,59E+12;ANIME copo de nieve 25 cm;495
7,59E+12;ANIME estrella 20cm;385
CON1HRN;ANIME perla relleno 75gr+-;870
7,59E+12;ANIME ventana casa GDE navideña;1645
7,45E+12;ANIME ventana casa PEQ navideña;810
7,59E+12;archivador lomo ancho carta/oficio;1715
7,59E+12;archivador lomo ancho carta/oficio SHARK;1875
BDRE20;archivador oficio 8802;4690
7,59E+12;archivador oficio 9399;5890
710196661;arcilla x kilo;805
VECILPEQ;aserrin pintado/musgo artificial;375
MARTCAN;atomizador 30ml MINI;290
ESPEMED;atomizador 500ml GDE;750
2,02E+12;atomizador 60ml PEQ;410
6,94E+12;balon de basket;5065
PCS;balon de futbol;6170
6,93E+12;baraja española carton;335
PSAN;baraja UNO (108cartas);1490
7,60E+12;bidon 10 lts plegable;4780
7,59E+12;block carta CUADRICULADO 40h;950
7,59E+12;block carta rayado 40h;970
BCCTC;block construccion CRISVI 10 H;670
7,59E+12;block construccion NG10H;470
AOM120CC;block dibujo PAPEL PRO 18H;1315
9,02E+12;block dibujo POINTER ArtPRO 15hjs;3780
7,59E+12;block lustrillo CRISVI;605
7,59E+12;block lustrillo PANITAS NG;405
BMX;block milimetrado 20h;670
12010;block notas azul A4;1045
4,90E+12;block notas espiral A7;230
7,59E+12;block notas espiral bolsillo 5x8;480
7,59E+12;block notas espiral bolsillo med A6;335
27043991935;block papeles surtidos x42 hojas RD;4830
7,59E+12;block rotulado din A-4;470
MRTR;block sin rotular 20 h;605
7,59E+12;boligrafo borrable 0.5mm;304,5
7,20E+11;boligrafo colores X12 JH 9273;1890
011F;boligrafo colores x4 KEYROAD;750
7,60E+12;boligrafo colores X6 JH 9273;1075
7,59E+12;boligrafo CRISVI retractil 703;245
7,75E+11;boligrafo ejecutivo PARKER Chrome Shinny;15540
AO240CC;boligrafo ejecutivo SHARK;1525
6,93E+12;boligrafo gel escarchado x10 CRISVI;2655
ONOT;boligrafo gel RD 0.5;195
7,59E+12;boligrafo gel x6 CRISVI estuche;1595
8,43E+12;boligrafo ICONO/PAIR;150
PFA4;boligrafo KEIROAD 4EN1;750
8,25E+11;boligrafo pastel retractil x6 2249;2170
7,59E+12;bomba o globo agua x100;350
PALGRN18;borla;245
CAX50T;borra mini POINTER/AMIKO;160
JPC;borra nata AMIKO 705;135
7,59E+12;borra nata CRISVI 824 peq;70
BAAR5;borra negro AMIKO;175
CECM;borra siliconado;465
6,92E+12;borrador pizarra acrilica RD pq;350
6807;borrador pizarra acrilica SHARK grande;960
EDU;borrador retractil/c repuesto POINTER;1300
NIÑO6;burbuja de jabon pote;325
6013;calcomania foamy de numeros;1675
CRPTLIH;calculadora cienfica estudiantil;3915
7,59E+12;calculadora grd KT 313 tu tienda on line;5710
LAZO;caratula para encuadernar;150
20633;"carpeta 3 aros 0,5"" RD";2605
7,59E+12;carpeta 3 aros 1'' RD;2145
2,01E+12;carpeta 3 aros 1,5'' RD;3195
CRPS45;"carpeta 3 aros 2"" RD";4050
PA15G;"carpeta 3 aros 3""";5020
PESCONA;carpeta acetato / con varilla;500
VENTDC;carpeta catalogo 40 fundas;4335
7,59E+12;carpeta colgantes x unidad;515
LL50;carpeta con liga plastica oficio;700
SMCC;carpeta manila carta colores xund;175
CCO;carpeta manila carta estampada;100
CARPMC;carpeta manila carta x100;9570
CARMO;carpeta manila oficio x100;10745
7,59E+12;carpeta marron OF/CTA premium;255
CMOFP;carpeta marron OF/CTA premium ROJA;160
MAM;carrito control remoto pick up;4110
7,59E+12;carrito friccion;1375
8,01E+12;cartelera de corcho 40x60 PEQ;6460
7,45E+12;cartelera de corcho 50x70 MED;10670
33040003;cartelera de corcho 60x90 GRD;12660
CAESC;cartilla escolar;490
7,59E+12;carton 1kg 100x70cm;1740
7,59E+12;carton 2kg 100x70cm GRIS;1430
NAVPLOR;carton 3kg 100x70cm 216s;1385
CARCRR;carton corrugado unicolor;535
P1;cartuchera escolar GRANDE RD;2205
7,59E+12;cartulina BRISTOL FULL COLOR OK;255
7,59E+12;cartulina BRISTOL FULL COLOR OK 66X96CM;645
TALRC;cartulina carta ESCARCHADA/PERLADA x20;3815
CDF;cartulina DOBLE FAZ color;385
7,89E+12;cartulina DOBLE FAZ sulfato 70x100/270gr;470
7,59E+12;cartulina escarchada PRunicolor;525
7,59E+12;cartulina escarchada TORNASOL;525
BFALI;cartulina FOSFORESCENTE;430
OAPM;cartulina magica para dibujar t cartax5;870
9,12E+12;cartulina METALIZADA doble faz/troquelad;435
PACLF;cartulina METALIZADA HOLOGRA/seda/tornas;515
PALGR12;CD DVD FUNDAS x100;3110
CDDVD;CD DVD INBEST * x50pz;8265
PBC;chenil paq x 100;1550
7,59E+12;chenille x30 color surtidos;1075
3,57E+12;chinche colores 100pcs;585
LAR;chinche mapa x100 señalador;670
1250;"cinta doble faz 1/2"" 1mts";585
CCL;"cinta doble faz fina  1"" 25mt";1150
PALBRU;cinta doble faz transparente CRISVI;2545
7,60E+12;cinta embalar 30 my ofimac;405
4,89E+11;cinta embalar 90mt SHARK;1105
CMPQ;cinta metrica costura;230
1236;"cinta plastia 3/4"" 25 mt peq";220
1272;Cinta plastica 1272 CELOVEN  12mm x 50m;690
JVST;cinta plastica decorada set;270
7,59E+12;cinta plastica invisible 3/425mt;550
CECT;cinta plastica unicolor surtidos;470
CNTPCRNT;Cinta porta carnet tela;375
8,99E+11;cinta raso 0.6cm;50
7,59E+12;cinta raso 1,6cmx46m;7450
7,59E+12;cinta regalo 16mmx91m;3735
7,59E+12;cinta regalo 16mmx91m METAL;6215
18741010011;cinta regalo 25mmx23m;2185
1040;cinta regalo 25mmX23mt METAL/ESCARCH;4085
VAHETOMAPS;circuito escolar electrico bombillo;3615
75916107;clip mariposa #1 jumbo x12;1075
7,59E+12;clip mariposa #2 peq x50und;1570
ESMT;clip N°1  x100;340
EXPRMGDE;clip N°1 colores x100und POINTER/CRISVI;690
PGD;clips JUMBO 50MM forrado x100unds;870
TRNSPDO;compas escolar RD 2009;655
7,59E+12;compas precision;1740
7,59E+12;cooler 2000ml PASTEL;2985
JGCRRTLLA;cooler 500mm cocacola;4910
7,90E+12;copia OFICIO;140
7,59E+12;corrector brocha SHARK 20ML;505
CLB20ML;corrector lapiz KEIROAD 7MM;645
PTAMA;corrector lapiz SHARK 7ml;515
1,76E+12;corrector OFIMAK/SHARK 2 EN 1;575
7,59E+12;costurero blister hilos y agujas;830
8,25E+11;creyon cera LA NIEVE x 6;585
8,25E+11;creyon cera LA NIEVE/PANITAS x12;1275
GCHLOT;creyon CRISVI BORRABLES X12;2145
7,20E+11;creyon CRISVI x12 normal/PASTEL;2410
PGS;creyon CRISVI x24 mina 0,4mm;4820
VDV57;creyon JUMBO CRISVI x12;4685
7,20E+11;creyon KEIROAD 2395 x12;785
BPT14;creyon PAPER MATE x12;2410
7,59E+12;creyon PAPER MATE x24;4220
7,59E+12;creyon POINTER x12  METALIC NEON;3090
GG4T;creyon POINTER x12 normal / PASTEL;1525
MP820;creyon PRISMACOLOR x48;19735
CAR;creyon SHARK KIDS x12 METALIZADO;2100
1001;creyon SHARK KIDS X24;2090
JBP;creyon SHARK KIDS X36;4475
7,20E+11;cuaderno colorear GIGANTE;1490
9182;cuaderno colorear mandala de crisvi;985
5824;cuaderno colorear PEQ;740
7,59E+12;cuaderno dibujo;375
9,02E+12;cuaderno pentagramado musica;900
1140;cuadro de diamantes;970
7,59E+12;cubo rubik mediano 6.5cm;1350
7,59E+12;cubo rubik pequeño 5.5cm;795
7,86E+12;cuento TAPA DURA ilustrado y colorear;855
7,59E+12;cuento tipo cartilla;540
6,00E+12;cuerda de saltar;605
TNB;dedal costura metal;315
2;descosedor corta costura 9cm;290
DEI;diccionario esp/ing-español/basic (E);1845
3472;dispensador de cinta plastica GRD;2335
BRK40X30;dispensador de cinta plastica PQ;2300
7,50E+12;domino caja madera;3080
4,71E+12;elastica 10mm blanca;160
JGMM;engrapadora alicate gde CRISVI cr03;4465
7,52E+12;engrapadora alicate med JIALIANG/SHARK;3215
LABNMPRT;engrapadora escritorio AMIKO 080 negro;3780
24705;engrapadora escritorio gde SHARK;3655
7,59E+12;engrapadora MINI bolsillo 410;1115
SALCTMT;escarcha 20grs SYSABE;680
EP;escarcha POTE 10GR;300
7,59E+12;escarcha sobrecito x24 colores surtidos;1100
ESTAMESC;estambre escolar;350
ETQTESC;etiqueta escolar x10und (xhoja);315
BA6;etiqueta escolar x5+calcomanias;445
TRMP7LTS;etiqueta precios sato doble;620
CL10004334;exacto corta papeles 18mm KORES/keyroad;329
7,59E+12;exacto corta papeles GRD;235
7,94E+12;exacto corta papeles PEQ;175
7,59E+12;expositor carton 102x72 cm mediano;5650
1230;expositor carton 71x51 cm pequeño;2935
PPTISU;ficha 3x5  pqte x100 peq;1265
BDEP;ficha 4x6  pqte x100 med;1610
136;ficha 5x8  pqte x100 gde;2595
FLTRO;fieltro escolar tamaño doble carta;435
BN30KG;floral alambre 0.7mmx40cm x100unds;3560
7,59E+12;floral teipe 1.2cmx3mt;490
7,59E+12;foamy 50x70  1/2 pliego escarchado;1135
CUHA12;foamy 50x70 1/2 pliego normal;725
TRM15LTSPT;foamy 60x80 pliego escarchado;1280
V80LIV;foamy 60x80 pliego normal;1040
FC;foamy carta;90
FCE;foamy carta ESCARCHADO;125
75655;foamy carta metalizado/estamp x10 unds;640
FDC;foamy doble carta;195
7,59E+12;foamy doble carta ESCARCHADO;265
3436;funda tres huecos oficio x50;2110
7,59E+12;gancho carpeta x50;1335
BALLAMIN;gancho loteria 32mm;80
7,59E+12;gancho loteria 41mm;125
6,94E+12;gancho loteria 52mm;195
PCAT;globo COMBO 7PZAS/14PZAS/5PZAS;1525
LE100C;globo figura SURTIDOS aluminio;870
75566782347;globo normal R12 x100;2510
7,59E+12;globo NUMERO aluminio 35cm;195
75903565;globo NUMERO aluminio 70cm;325
MARCOFD;gorro navidad;205
BRD;gorro navidad decorado;525
GLETBRIG;Grapa corrugada;1480
7,20E+11;Grapa lisa RD;830
8025;Grapa n° 10 pequeña x1000;255
CACRH;guirnalda METALIZADA navideña 2mts;305
7,59E+12;guirnalda navideña VERDE 1.80mt;405
7,59E+12;hilo costura peq CEBRA;340
PENEOPQ;hilo costura peq CHINO;145
7,59E+12;hoja examen x50HOJAS;1160
7,59E+12;hoja perforada 80 hojas;1665
R5/16;hoja perforada x63 PEQ decorada;925
7,59E+12;inflador de globos;1245
9,02E+12;juego ajedrez 3en1 267 crisvi;4335
7,59E+12;juego ajedrez magnetico 3158 crisvi;1985
650;juego didactico cubos de madera;1370
6,20E+12;juego geometrico flexible;1985
PER8;juego ludo y bingo x50ctn DE MESA;1335
7,45E+12;juego monopolio GRAFIMED;1845
LA3;KEYROAD creyon cera x6 2647/2650;4350
3,19E+12;KEYROAD sacapunta con borrador 2415;1265
TBLAPA;KEYROAD sacapunta doble TRIANGULO;525
1021;KEYROADsacapunta doble 2408;465
3;lamina anime cielo raso;1795
7,60E+12;lamina de anime 1,5 cm;870
7,59E+12;lamina de anime 2,5cm;1315
LA2;lamina de anime 2cm;1045
LA2.5;lamina de anime 3cm;1500
LA5;lamina de anime 5cm;2395
LPCRNT;lamina plastificar CARTA x50 225x285 80m;10475
JGRMPCBZ;lamina plastificar CARTA x50 CRISVI;17750
CMCC;lamina plastificar cedula 65x95mm x100;1400
7,45E+12;lamina plastificar mini 59x83mm x100;2055
7,60E+12;laminario didactico GRANDE;505
7,60E+12;lapiz bicolor xund ACMELIA/RD;150
7,59E+12;lapiz carboncillo soft;395
7,59E+12;lapiz dibujo tecnico ACMELIAE X12PC;1810
7,59E+12;lapiz dibujo tecnico ACMELIAE X16PC;2385
7,59E+12;lapiz dibujo tecnico ACMELIAE X8PC;1240
PLZDJ;lapiz dibujo tecnico xund;220
LA;lapiz infinito;205
7,59E+12;lapiz KEYROD ACMELIAE (E);100
CHRAMAD40;lapiz MONGOL amarillo;235
7,60E+12;lazo regalo armable PEQ;175
7,59E+12;lego multitaco;2610
8,06E+11;lentejuelas lisas X MTS;140
7,59E+12;libreta 100h empastada FAMA;580
8,27E+11;libreta 150h empastada 6mat A4;3275
BR4;libreta 150h espiral gde 6mat RD 1175-B4;3560
7,59E+12;libreta 150h espiral gde 6mat RD 1175-B5;3480
CRTCTLA;libreta 150h espiral gde 6mat RD 2727;2430
7,59E+12;libreta 168h empastada 6mat A5 PQUEÑA;1560
PLTACRMC;libreta 200h empastada 8mat A4;4685
PP3;libreta-agenda 4mat A5 gruesa;2915
LA200F;libro 300 folios actas/contabilidad;6605
7,59E+12;libro 400 folios actas/contabilidad;9435
7,59E+12;libro 50 folios LICORES;2175
VLCMP;libro 500 folios actas/contabilidad;12685
CPCTO;libro El Principito;3630
1236I;libro lectura COQUITO/NACHO/ANGELITO ACT;1855
VPDV27;libro lectura inicial ANGELITO (E);1720
OC;libro lectura inicial KIKIRIKI;2680
LBRMIH;libro lectura inicial MI JARDIN (E);1270
SERDDMAC;libro PASITO A PASITO 1 (E);1920
7,59E+12;libro PASITO PASITO 2 y 3 (E);2575
JMPLO;libro Quien se ha llevado mi queso;5075
92;lienzo 25x15 con tripode;2345
VDRCILGR;lienzo 25X30 ARTISTICO sin marco;1675
GLTAK;lienzo 40X50 ARTISTICO sin marco;2785
OVJNCTO;liga p/billetes 50gr peq AMIKO;700
LL;lluvia peq;210
7,59E+12;lupa Pointer grande 75mm;1995
PCE;lupa Pointer pequeño 50mm;1370
BAMBMAZ;mantel plastico decorar 1.80x1.60cm;620
1616;maquillaje para niñas juego;1585
NY5;marabu 50 gr xmetro;1195
7,59E+12;marcador ACRILICO ICONO;205
BR25X30;marcador ACRILICO KEYROAD;490
PALMERA;marcador BOLSO 60 PC;4605
7,59E+12;marcador BOLSO 80 PC;5520
LPA;marcador escolar x12;750
BNQTOGDE;marcador escolar x24;2610
7,59E+12;marcador escolar x6;375
TTERBB;marcador fino blanco doble punta;370
MARCPO;marcador fino FALAIKE;205
7,45E+12;marcador fino metalizado X2;540
LBX;marcador fluorecente xl188 estuche x8;4325
BBLNMCO;marcador grueso x12 CRISVI FRUIT/SHARK;3985
MARKOR;marcador ICONO estuche  B202x24;2985
7,59E+12;marcador ICONO estuche  B203x36;4145
DW1043;marcador ICONO estuche  B204x48;5960
7,59E+12;marcador ICONO estuche 12x24 doble punta;2560
BLPT1K;marcador ICONO estuche 12x24D/punta BX12;2480
CRE;marcador ICONO estuche 18x36 doble punta;3830
DADO;marcador ICONO estuche 8x16 doble punta;1710
CR60;marcador lettering doble punta x18 605;2725
7,50E+12;marcador metaliz acrilico x12 1524/1525;4515
ANTERCXR;marcador metaliz plata/oro/blanco grueso;830
776657;marcador metalizado OUTLINE CRISVI x8;3855
CD;marcador permanente  ICONO;205
BINGCLB;marcador permanente SHARPIE 680;1515
SMA007;marcador permanente SHARPIE tank;1245
8,25E+11;marcador sello x12 678;1490
7,50E+12;memoria micro sdhc 16GB SANDISK 2.0 3.0;2710
LIMPAF;memoria micro sdhc 32GB SANDISK 3.0;3185
7,59E+12;metodo palmer N°1,2,3 y 4 peq E;160
A96;metodo palmer ROSETA (E);805
JGOCAMRA;mina ICONO 2mm Y TUBITO;265
LB18;minas AZUL HX 0.5;135
7,20E+12;minas FOSCA/POINTERx20 0,5/0,7mm;375
7,59E+12;morral escolar;5220
PPCMTO;naylon transparente 0.3x100mt crisvi;935
LEGHPPZ;notas adhesivas 100H NEON  76X76 MM;435
YP;notas adhesivas 400H NEON  75X75 MM;2360
EXPIND;notas adhesivas señaladoras banderitas G;1090
GELKTRF;notas adhesivas señaladoras banderitas P;435
6,93E+12;ojitos movibles bolsita 5 pares surtidos;435
OLLRCT80;pabilo COLOR;315
1144;pabilo economico;205
PHC;paleta helado color;395
PHN;paleta helado natural;270
7,59E+12;palito plastico para globos delgado;100
PBB;papel bond B16 66x96 blan CHAMBRIL RESMA;48185
1408;papel bond B24 66x96 colores;72830
8,93E+12;papel celofan pliego TRANSP / COLOR;115
PCEM;papel contac ESCARCHADO x20mts;7530
7,59E+12;papel contac MADERA x20mt;11050
PCTC;papel contac TRANSPARENTE x20mt;9920
7,59E+12;papel contac UNICOLOR x20mt;10545
7,59E+12;papel coreano x20pcs;1170
7,59E+12;papel crepe;195
9,02E+12;papel crepe METALIZADA;465
PP12GX6;papel escarchado 250gr 50x70cm;810
6,58E+12;papel fotografico ADHESIVO x20 AMIKO;2750
CMKBST;papel fotografico AMIKO 20h A4 180g;1540
GLT25;papel fotografico CRISVI x20h carta 180G;2430
150000;papel fotografico CRISVI x20h carta 230G;3110
AERRN;papel fotografico CRISVIx20h ambos lados;2925
2,07E+11;papel fotografico JOJO 20h A4 180g;1865
PMM;papel hojilla metalizado UNICOLOR x50 mt;18645
PLP;papel lustrillo pliego;245
PREG;papel regalo primavera x100;17150
PSEDA;papel seda x 50;2545
7,59E+12;papel sublimacion CRISVI 50H;3160
VRIOGLO;pasamaneria grande strass piedritas;1195
CHCLA;pasamaneria millares pompom colores xmt;700
ESPPEQ;pasamaneria SURTIDA xmt;385
CARTCOL;pasameneria tipo borla  X  MT;575
35813;pasatiempos crucigramas-sopas-sudokus;435
MARPIZKO;pega barra 16g GLUE STICK;330
7,59E+12;pega barra 21 GLUE STICK;445
7,45E+12;pega barra SHARK 21gr;290
7,50E+12;pega barra SHARK 40gr;560
7,59E+12;pega escolar 1000 ml;3195
PE135;pega escolar 120gr;570
7,45E+12;pega escolar 250gr;970
CARTESC;pega escolar 40gr;220
CPX63;pega escolar 500gr;1890
CRRTMBLE;pega escolar 60gr;340
PEGAILK;pega loka;280
7,59E+12;pega loka AMIKO 3G;155
ABRA;pega loka AMIKO 8G;205
7,59E+12;pelota anime 10;370
6,90E+12;pelota anime 12;670
ALG;pelota anime 15;670
7,60E+12;pelota anime 15 2 tapas;550
7,60E+12;pelota anime 20;2005
7,59E+12;pelota anime 20 2 tapas;1100
FCT;pelota anime 25 2 tapas;1150
7,59E+12;pelota anime 3;45
7,59E+12;pelota anime 30 2 tapas;2065
7,59E+12;pelota anime 35 2 tapas;4450
8,81E+12;pelota anime 4;55
1812;pelota anime 40 2 tapas;4450
7,59E+12;pelota anime 5;90
BA5;pelota anime 6;80
DESGTAE;pelota anime 7;195
MAASFLE;pelota anime 8;195
7,60E+12;peluche y flores cajita;2360
8,62E+12;pen drive SANDISK 128GB 2.0;6430
CSCPLA;pen drive SANDISK 128GB 3.0;8235
7,45E+12;pen drive SANDISK 16GB 2.0;2570
PY3;pen drive SANDISK 32GB 2.0;3090
1313;pen drive SANDISK 4GB 2.0;2545
72512201725;pen drive SANDISK 64GB 2.0;3549,99
PG64;pen drive SANDISK 64GB 3.0;3970
7,59E+12;perforador 2 huecos 7-8 CM KEYROAD;9850
RMLTFM;perforador un hueco tipo alicate;950
7,59E+12;perforadora FORMAS SURTIDAS grande;2170
7,59E+12;perforadora FORMAS SURTIDAS mini;940
7,71E+12;PINCEL artistico surtidos x 10;1455
7,59E+12;PINCEL delineador 0 , 00 , 000;410
ARRX;PINCEL No 1;230
PTS;pinta carita crisvi x6;4245
LH;pintadedos OFIMAK;1620
7,59E+13;pintura al frio 60cc OSI;420
T36;pintura METALIZADA 22ml SISI de OSI;570
7,59E+12;pintura oleo MARIE-S X12;7830
138;pintura oleo VNEEDS gouache x12;3000
7,59E+12;pistola de silicon grande;2145
ADP;pistola de silicon pequeña;1795
8,36E+11;pizarra acrilica 40X60 PEQUENA;8895
7,59E+12;pizarra acrilica grande 80X60;17400
35818;pizarra grande tiza;13340
CAVA71;pizarra pequeña tiza;5640
7,59E+12;plantilla de letras y numeros 25ml;630
7,20E+11;plantilla geografica de venezuela x3 STA;2490
T6;plastico forrar 2mts;870
JPV;plastidedo AMIKO 140g masa moldear;700
BP5KG;plastidedo AMIKO 65g masa moldear;420
7,59E+12;plastilina x10 estuche pr622-10;700
7,59E+12;plastilina x12 estuche pr622;750
8,25E+11;plastilina x6 estuche PR622-6;255
7,59E+12;plastilina x6 KEYROAD 90G;810
2,28E+12;plastilina x8 estuche PR623;605
VV;plumas de colores;470
PEP;plumas de ganzo 15-20 cm surtidos x10und;1515
6784;porta borrador KEYROAD;975
71950207010;porta carnet tipo yoyo;465
7,59E+12;porta carnet vertical plastico;395
7,59E+12;portamina 2.0mm BAIKU;505
72512092095;portaminas PENTEL/SOLITA 0.5;3350
7,45E+12;portaminas POINTER MP-3006 0.5;540
7,45E+12;portaminas POINTER MP-7011 0.7;670
MP805;portaminas POINTER MP-805 0.5;335
7,59E+12;portaminas POINTER MP-820 0.5;470
COLJUPEQ;regla 20cm star;395
PA6090;regla 30 cm aluminio;1405
7,59E+12;regla 30 cm flexible;725
REKO;resaltador grueso  MENKO/SHARK;235
AC15;resaltador grueso RD;210
7,59E+12;resaltador MENKO ESTUCHE X4;1335
JDDOI;resaltador SHARPIE ACCENT;1405
DT30G;resaltadorI ICONO X4 206/207/208/229;750
7,59E+12;resma carta x500 HP;3220
RLDRP;resma oficio x500H CHAMEX;4545
7,59E+12;resma papel extra oficio x500;10165
7,70E+12;rollo bond  57 mm Sumadora;870
RB57;rollo bond 44 mm Sumadora;340
RT57X40;rollo termico 57x40  PUNTO DE VENTA;230
RB75;rollo termico 80x60 maquina FISCAL;740
7,59E+12;rompecabeza carton GRANDE  45pza;1740
PDRY;rompecabeza carton PEQUEÑO;725
ESP5;sacagrapa  PEQ;515
7,59E+12;sacapunta dos hoyos PR;535
7,45E+12;sacapunta metal;140
7,59E+12;sacapunta metal dep plastico;445
7191491;sacapunta metal DOBLE merletto;350
50090;sellos motivacional figuras infantiles;640
7,90E+12;separador 8  mat bristol blanca;525
SC8MT;separador 8 mat SHARK colores plastico;715
7,59E+12;"serafin 3"" sugetador de papeles x50pc";640
SBD;silicon barra DELGADA larga xund;80
7,59E+12;silicon barra delgdo/grueso 800GR;3090
MIPLTO;silicon barra delgdo/grueso BTO kilos;78190
7,49E+12;silicon barra GRUESA larga x und;135
7,59E+12;silicon liquido 100 ml;960
8,06E+11;silicon liquido 250 ml;2080
4,72E+12;silicon liquido 30 ml;375
7,45E+12;silicon liquido 60 ml;700
RPLCS;silicon liquido escarchado colores 60/ml;245
7,59E+12;Sobre avion N8;870
SB11;sobre blanco N°11;70
SMC;sobre manila carta;140
7,59E+12;sobre manila extra oficio;435
SMO;sobre manila oficio;150
SMMC;sobre manila PAGO;35
7,59E+12;sobre manila radiografia;500
LE;sobre plastico oficio cordon;455
1109-6;stickers surtidos 1001;620
28010;stickers surtidos 1002;360
7,59E+12;tabla chequeo plastica carta;1155
7,59E+12;tabla de chequeo madera oficio;1960
FN;tabla de chequeo oficio dibujo infantil;1710
7,59E+12;tabla periodica actualizada;230
CAVA75;taco blanco notas 9X9 200h;325
7,45E+12;taco blanco notas 9X9 500h;1370
5,60E+11;Talonario de contado GRD CRISVY N2 60h;620
EA6706G;Talonario de contado GRD hoja blanca N2;1245
TACONP;Talonario de contado PEQ N1;680
7,90E+12;Talonario de contado PEQU CRISVY N1 60h;395
7,20E+11;talonario de rifa;455
7,59E+12;Talonario recibo PEQ CRISVY N1 60h;395
LE00;tempera solida c/sello x12 CRISVI;3850
7,59E+12;tiara mini 3cm;1185
T5X5;tijera 7'' corporativa SHARK 18cm;985
7,59E+12;tijera escolar 5'' BAHUGINIA;655
TES;"tijera escolar sencilla 5""";300
AL50CC;tijera ZIG ZAG;1135
JVCT;tinta para sello gotero 30ml;505
EMATSYLMR;tinta roll on 60ml;1760
MPH;"tirro 2"" escolar";430
2140;"tirro 3/4""  SHARK 20Y";560
8,25E+11;tiza x 12 blanca la nieve;265
8,25E+11;tiza x12 Color;290
8,25E+11;transportador 180º;870
7,59E+12;tricol xmt;30
7,60E+12;vela cumpleaños corta tradicional;220
OLLHOKN;vela cumpleaños NUMEROS;230
7,59E+12;verada papagallo;150
27084120134;yute xmt;140
